No,Product Type,Keywords,Primary Style Recommendation,Secondary Styles,Landing Page Pattern,Dashboard Style (if applicable),Color Palette Focus,Key Considerations
1,SaaS (General),"app, b2b, cloud, general, saas, software, subscription",Glassmorphism SaaS (Light Web) + Soft UI Evolution,"SaaS Soft Glass, Dark Cinematic SaaS, Flat Design, Startup Fresh, Admin Pro Light, Dimensional Layering, Hero-Centric Design, Interactive Product Demo",Hero + Features + CTA,Data-Dense + Real-Time Monitoring,Trust blue + accent contrast,Balance modern feel with clarity. Focus on CTAs.
2,Micro SaaS,"app, b2b, cloud, indie, micro, micro-saas, niche, saas, small, software, solo, subscription",SaaS Soft Glass + Vibrant & Block-based,"Glassmorphism SaaS (Light Web), Motion-Driven, Micro-interactions, Startup Fresh, Hero-Centric Design, Interactive Product Demo",Minimal & Direct + Demo,Executive Dashboard,Vibrant primary + white space,"Keep simple, show product quickly. Speed is key."
3,E-commerce,"buy, commerce, e, ecommerce, products, retail, sell, shop, store",Vibrant & Block-based,"Aurora UI, Motion-Driven, Product Showcase Minimal, 3D Product Preview, Y2K Aesthetic, Social Proof-Focused",Feature-Rich Showcase,Sales Intelligence Dashboard,Brand primary + success green,Engagement & conversions. High visual hierarchy.
4,E-commerce Luxury,"buy, commerce, e, ecommerce, elegant, exclusive, high-end, luxury, premium, products, retail, sell, shop, store",Liquid Glass + Glassmorphism,"3D & Hyperrealism, Aurora UI, Minimalist Monochrome",Feature-Rich Showcase,Sales Intelligence Dashboard,Premium colors + minimal accent,Elegance & sophistication. Premium materials.
5,B2B Service,"appointment, b, b2b, booking, business, consultation, corporate, enterprise, service",Glassmorphism SaaS (Light Web) + Trust & Authority,"SaaS Soft Glass, Feature-Rich Showcase, Conversion-Optimized, Admin Pro Light, Hero-Centric Design, Social Proof-Focused",Feature-Rich Showcase,Sales Intelligence Dashboard,Professional blue + neutral grey,Credibility essential. Clear ROI messaging.
6,Financial Dashboard,"admin, analytics, dashboard, data, financial, panel",Glassmorphism SaaS (Light Web) + Data-Dense Dashboard,"Dark Cinematic SaaS, Dark Mode (OLED), Minimalism & Swiss Style, Editorial Enterprise, Executive Dashboard",N/A - Dashboard focused,Financial Dashboard,Trust blue + amber data highlights,"High contrast, real-time updates, accuracy paramount."
7,Analytics Dashboard,"admin, analytics, dashboard, data, panel",Data-Dense Dashboard + Heat Map & Heatmap Style,"Glassmorphism SaaS (Light Web), Minimalism & Swiss Style, Dark Mode (OLED), Playful SaaS Dashboard, Predictive Analytics, Comparative Analysis Dashboard, Executive Dashboard, Drill-Down Analytics, User Behavior Analytics",N/A - Analytics focused,Drill-Down Analytics + Comparative,Cool→Hot gradients + neutral grey,Clarity > aesthetics. Color-coded data priority.
8,Healthcare App,"app, clinic, health, healthcare, medical, patient",Neumorphism + Accessible & Ethical,"Soft UI Evolution, Claymorphism, Clinical Clean Mobile",Social Proof-Focused,User Behavior Analytics,Calm blue + health green + trust,Accessibility mandatory. Calming aesthetic.
9,Educational App,"app, course, education, educational, learning, school, training",Claymorphism + Micro-interactions,"Vibrant & Block-based, Flat Design",Storytelling-Driven,User Behavior Analytics,Playful colors + clear hierarchy,Engagement & ease of use. Age-appropriate design.
10,Creative Agency,"agency, creative, design, marketing, studio",Brutalism + Motion-Driven,"Retro-Futurism, Storytelling-Driven, Interactive Cursor Design, Pentagram Supergraphics",Storytelling-Driven,N/A - Portfolio focused,Bold primaries + artistic freedom,Differentiation key. Wow-factor necessary.
11,Portfolio/Personal,"creative, personal, portfolio, projects, showcase, work",Motion-Driven + Minimalism & Swiss Style,"Brutalism, Aurora UI",Storytelling-Driven,N/A - Personal branding,Brand primary + artistic interpretation,Showcase work. Personality shine through.
12,Gaming,"entertainment, esports, game, gaming, play",3D & Hyperrealism + Retro-Futurism,"Motion-Driven, Vibrant & Block-based, Skeuomorphism, Vaporwave",Feature-Rich Showcase,N/A - Game focused,Vibrant + neon + immersive colors,Immersion priority. Performance critical.
13,Government/Public Service,"appointment, booking, consultation, government, public, service",Accessible & Ethical + Minimalism & Swiss Style,"Flat Design, Accessible & Ethical, Aicher Pictogram System",Minimal & Direct,Executive Dashboard,Professional blue + high contrast,WCAG AAA mandatory. Trust paramount.
14,Fintech/Crypto,"banking, blockchain, crypto, defi, finance, fintech, money, nft, payment, web3",Glassmorphism + Dark Mode (OLED),"Retro-Futurism, Motion-Driven, Cyberpunk Mobile HUD, SaaS Mobile (High-Tech Boutique), Financial Dashboard",Conversion-Optimized,Real-Time Monitoring + Predictive,Dark tech colors + trust + vibrant accents,Security perception. Real-time data critical.
15,Social Media App,"app, community, content, entertainment, media, network, sharing, social, streaming, users, video",Vibrant & Block-based + Motion-Driven,"Aurora UI, Micro-interactions, Social Warm Mobile, User Behavior Analytics",Feature-Rich Showcase,User Behavior Analytics,Vibrant + engagement colors,Engagement & retention. Addictive design ethics.
16,Productivity Tool,"collaboration, productivity, project, task, tool, workflow",Dark Cinematic SaaS + Micro-interactions,"SaaS Soft Glass, Minimalism & Swiss Style, Flat Design, Playful SaaS Dashboard, Warm SaaS Mobile, Admin Pro Light, Material You (MD3 Mobile)",Interactive Product Demo,Drill-Down Analytics,Clear hierarchy + functional colors,Ease of use. Speed & efficiency focus.
17,Design System/Component Library,"component, design, library, pattern, storybook, ui-kit",Minimalism & Swiss Style + Accessible & Ethical,"Flat Design, Zero Interface",Feature-Rich Showcase,N/A - Dev focused,Clear hierarchy + code-like structure,Consistency. Developer-first approach.
18,AI/Chatbot Platform,"ai, artificial-intelligence, automation, chatbot, machine-learning, ml, platform",AI-Native UI + Dark Cinematic SaaS,"Zero Interface, Glassmorphism, SaaS Soft Glass, Voice-First Multimodal",Interactive Product Demo,AI/ML Analytics Dashboard,Neutral + AI Purple (#6366F1),Conversational UI. Streaming text. Context awareness. Minimal chrome.
19,NFT/Web3 Platform,"blockchain, collectible, marketplace, mint, nft, token, web3",Cyberpunk UI + Glassmorphism,"Aurora UI, 3D & Hyperrealism, Bitcoin DeFi (Mobile)",Feature-Rich Showcase,Crypto/Blockchain Dashboard,Dark + Neon + Gold (#FFD700),Wallet integration. Transaction feedback. Gas fees display. Dark mode essential.
20,Creator Economy Platform,"content, creator, influencer, monetize, patreon, streamer, subscription",Vibrant & Block-based + Bento Grids,"Motion-Driven, Aurora UI, Risograph Mobile, Risograph Editorial, Neo Brutalism (Mobile)",Social Proof-Focused,User Behavior Analytics,Vibrant + Brand colors,Creator profiles. Monetization display. Engagement metrics. Social proof.
21,Remote Work/Collaboration Tool,"async, collaboration, distributed, hybrid, remote, team, virtual, work",Soft UI Evolution + Minimalism & Swiss Style,"Glassmorphism, Micro-interactions, Notion Warm Workspace",Feature-Rich Showcase,Drill-Down Analytics,Calm Blue + Neutral grey,Real-time collaboration. Status indicators. Video integration. Notification management.
22,Mental Health App,"anxiety, counseling, mental, mindfulness, psychology, therapy, wellness",Neumorphism + Accessible & Ethical,"Claymorphism, Soft UI Evolution, Pastel Wellness (Mobile)",Social Proof-Focused,Healthcare Analytics,Calm Pastels + Trust colors,Calming aesthetics. Privacy-first. Crisis resources. Progress tracking. Accessibility mandatory.
23,Pet Tech App,"animal, cat, dog, grooming, pet, shelter, veterinary",Claymorphism + Vibrant & Block-based,"Micro-interactions, Flat Design",Storytelling-Driven,User Behavior Analytics,Playful + Warm colors,Pet profiles. Health tracking. Playful UI. Photo galleries. Vet integration.
24,Smart Home/IoT Dashboard,"admin, analytics, dashboard, data, home, iot, panel, smart",Glassmorphism + Dark Mode (OLED),"Minimalism & Swiss Style, AI-Native UI, Neumorphism (Mobile)",Interactive Product Demo,Real-Time Monitoring,Dark + Status indicator colors,Device status. Real-time controls. Energy monitoring. Automation rules. Quick actions.
25,EV/Charging Ecosystem,"battery, charging, electric, energy, ev, station, vehicle",Minimalism & Swiss Style + Aurora UI,"Glassmorphism, Organic Biophilic",Hero-Centric Design,Energy/Utilities Dashboard,Electric Blue (#009CD1) + Green,Charging station maps. Range estimation. Cost calculation. Environmental impact.
26,Subscription Box Service,"appointment, booking, box, consultation, membership, plan, recurring, service, subscription",Vibrant & Block-based + Motion-Driven,"Claymorphism, Aurora UI",Feature-Rich Showcase,E-commerce Analytics,Brand + Excitement colors,Unboxing experience. Personalization quiz. Subscription management. Product reveals.
27,Podcast Platform,"audio, episode, listen, show, rss, podcast, platform",Dark Mode (OLED) + Minimalism & Swiss Style,"Motion-Driven, Vibrant & Block-based, Carson Deconstructed Editorial",Storytelling-Driven,Media/Entertainment Dashboard,Dark + Audio waveform accents,Audio player UX. Episode discovery. Creator tools. Analytics for podcasters.
28,Dating App,"match, swipe, romance, profile, love, dating, app",Vibrant & Block-based + Motion-Driven,"Aurora UI, Glassmorphism, Social Warm Mobile",Social Proof-Focused,User Behavior Analytics,Warm + Romantic (Pink/Red gradients),Profile cards. Swipe interactions. Match animations. Safety features. Video chat.
29,Micro-Credentials/Badges Platform,"badge, certificate, certification, credential, diploma, micro-credential, verification",Minimalism & Swiss Style + Flat Design,"Accessible & Ethical, Swiss Modernism 2.0",Trust & Authority,Education Dashboard,Trust Blue + Gold (#FFD700),Credential verification. Badge display. Progress tracking. Issuer trust. LinkedIn integration.
30,Knowledge Base/Documentation,"docs, documentation, faq, guide, help-center, knowledge, wiki",Minimalism & Swiss Style + Accessible & Ethical,"Swiss Modernism 2.0, Flat Design",FAQ/Documentation,N/A - Documentation focused,Clean hierarchy + minimal color,Search-first. Clear navigation. Code highlighting. Version switching. Feedback system.
31,Hyperlocal Services,"appointment, booking, consultation, hyperlocal, service, services",Minimalism & Swiss Style + Vibrant & Block-based,"Micro-interactions, Flat Design",Conversion-Optimized,Drill-Down Analytics + Map,Location markers + Trust colors,Map integration. Service categories. Provider profiles. Booking system. Reviews.
32,Beauty/Spa/Wellness Service,"appointment, beauty, booking, consultation, service, spa, wellness",Soft UI Evolution + Neumorphism,"Glassmorphism, Minimalism & Swiss Style, Glassmorphism Light (Mobile)",Hero-Centric Design + Social Proof,User Behavior Analytics,Soft pastels (Pink #FFB6C1 Sage #90EE90) + Cream + Gold accents,Calming aesthetic. Booking system. Service menu. Before/after gallery. Testimonials. Relaxing imagery.
33,Luxury/Premium Brand,"brand, elegant, exclusive, high-end, luxury, premium",Liquid Glass + Glassmorphism,"Minimalism & Swiss Style, 3D & Hyperrealism, Editorial Dark Luxury (Mobile), Minimalist Monochrome",Storytelling-Driven + Feature-Rich,Sales Intelligence Dashboard,Black + Gold (#FFD700) + White + Minimal accent,Elegance paramount. Premium imagery. Storytelling. High-quality visuals. Exclusive feel.
34,Restaurant/Food Service,"appointment, booking, consultation, delivery, food, menu, order, restaurant, service",Vibrant & Block-based + Motion-Driven,"Claymorphism, Flat Design",Hero-Centric Design + Conversion,N/A - Booking focused,Warm colors (Orange Red Brown) + appetizing imagery,Menu display. Online ordering. Reservation system. Food photography. Location/hours prominent.
35,Fitness/Gym App,"app, exercise, fitness, gym, health, workout",Vibrant & Block-based + Dark Mode (OLED),"Motion-Driven, Neumorphism, Brand-Immersive Utility (Mobile), Sports Action Mobile",Feature-Rich Showcase,User Behavior Analytics,Energetic (Orange #FF6B35 Electric Blue) + Dark bg,Progress tracking. Workout plans. Community features. Achievements. Motivational design.
36,Real Estate/Property,"buy, estate, housing, property, real, real-estate, rent",Glassmorphism + Minimalism & Swiss Style,"Motion-Driven, 3D & Hyperrealism",Hero-Centric Design + Feature-Rich,Sales Intelligence Dashboard,Trust Blue (#0077B6) + Gold accents + White,Property listings. Virtual tours. Map integration. Agent profiles. Mortgage calculator. High-quality imagery.
37,Travel/Tourism Agency,"agency, booking, creative, design, flight, hotel, marketing, studio, tourism, travel, vacation",Aurora UI + Motion-Driven,"Vibrant & Block-based, Glassmorphism",Storytelling-Driven + Hero-Centric,Booking Analytics,Vibrant destination colors + Sky Blue + Warm accents,Destination showcase. Booking system. Itinerary builder. Reviews. Inspiration galleries. Mobile-first.
38,Hotel/Hospitality,"room, booking, resort, accommodation, stay, hospitality, hotel",Liquid Glass + Minimalism & Swiss Style,"Glassmorphism, Soft UI Evolution, Editorial Dark Luxury (Mobile)",Hero-Centric Design + Social Proof,Revenue Management Dashboard,Warm neutrals + Gold (#D4AF37) + Brand accent,Room booking. Amenities showcase. Location maps. Guest reviews. Seasonal pricing. Luxury imagery.
39,Wedding/Event Planning,"conference, event, meetup, planning, registration, ticket, wedding",Soft UI Evolution + Aurora UI,"Glassmorphism, Motion-Driven",Storytelling-Driven + Social Proof,N/A - Planning focused,Soft Pink (#FFD6E0) + Gold + Cream + Sage,Portfolio gallery. Vendor directory. Planning tools. Timeline. Budget tracker. Romantic aesthetic.
40,Legal Services,"appointment, attorney, booking, compliance, consultation, contract, law, legal, service, services",Trust & Authority + Minimalism & Swiss Style,"Accessible & Ethical, Swiss Modernism 2.0",Trust & Authority + Minimal,Case Management Dashboard,Navy Blue (#1E3A5F) + Gold + White,Credibility paramount. Practice areas. Attorney profiles. Case results. Contact forms. Professional imagery.
41,Insurance Platform,"claim, coverage, insurance, policy, premium, risk, underwriting",Trust & Authority + Flat Design,"Accessible & Ethical, Minimalism & Swiss Style",Conversion-Optimized + Trust,Claims Analytics Dashboard,Trust Blue (#0066CC) + Green (security) + Neutral,Quote calculator. Policy comparison. Claims process. Trust signals. Clear pricing. Security badges.
42,Banking/Traditional Finance,"account, bank, banking, deposit, finance, loan, savings, transfer",Minimalism & Swiss Style + Accessible & Ethical,"Trust & Authority, Dark Mode (OLED), Financial Dashboard",Trust & Authority + Feature-Rich,Financial Dashboard,Navy (#0A1628) + Trust Blue + Gold accents,Security-first. Account overview. Transaction history. Mobile banking. Accessibility critical. Trust paramount.
43,Online Course/E-learning,"course, curriculum, e-learning, education, lesson, mooc, online, tutorial",Claymorphism + Vibrant & Block-based,"Motion-Driven, Flat Design, Academia (Scholarly Mobile)",Feature-Rich Showcase + Social Proof,Education Dashboard,Vibrant learning colors + Progress green,Course catalog. Progress tracking. Video player. Quizzes. Certificates. Community forums. Gamification.
44,Non-profit/Charity,"charity, donate, donation, foundation, fundraise, ngo, nonprofit, volunteer",Accessible & Ethical + Organic Biophilic,"Minimalism & Swiss Style, Storytelling-Driven",Storytelling-Driven + Trust,Donation Analytics Dashboard,Cause-related colors + Trust + Warm,Impact stories. Donation flow. Transparency reports. Volunteer signup. Event calendar. Emotional connection.
45,Music Streaming,"playlist, song, audio, listen, album, music, streaming",Dark Mode (OLED) + Vibrant & Block-based,"Motion-Driven, Aurora UI, Risograph Editorial, Risograph Mobile, Gradient Mesh / Aurora Evolved",Feature-Rich Showcase,Media/Entertainment Dashboard,Dark (#121212) + Vibrant accents + Album art colors,Audio player. Playlist management. Artist pages. Personalization. Social features. Waveform visualizations.
46,Video Streaming/OTT,"live, movie, ott, series, show, streaming, tv, video, watch",Dark Mode (OLED) + Motion-Driven,"Glassmorphism, Vibrant & Block-based, Modern Dark (Cinema Mobile)",Hero-Centric Design + Feature-Rich,Media/Entertainment Dashboard,Dark bg + Content poster colors + Brand accent,Video player. Content discovery. Watchlist. Continue watching. Personalized recommendations. Thumbnail-heavy.
47,Job Board/Recruitment,"career resume cv job hiring recruitment employer talent vacancy professional profile workforce",Flat Design + Minimalism & Swiss Style,"Vibrant & Block-based, Accessible & Ethical",Conversion-Optimized + Feature-Rich,HR Analytics Dashboard,Professional Blue + Success Green + Neutral,Job listings. Search/filter. Company profiles. Application tracking. Resume upload. Salary insights.
48,Marketplace (P2P),"buyers, listings, marketplace, p, platform, sellers",Vibrant & Block-based + Flat Design,"Micro-interactions, Trust & Authority",Feature-Rich Showcase + Social Proof,E-commerce Analytics,Trust colors + Category colors + Success green,Seller/buyer profiles. Listings. Reviews/ratings. Secure payment. Messaging. Search/filter. Trust badges.
49,Logistics/Delivery,"courier, delivery, freight, logistics, shipping, supply-chain, transport, warehouse",Minimalism & Swiss Style + Flat Design,"Dark Mode (OLED), Micro-interactions",Feature-Rich Showcase + Conversion,Real-Time Monitoring + Route Analytics,Blue (#2563EB) + Orange (tracking) + Green (delivered),Real-time tracking. Delivery scheduling. Route optimization. Driver management. Status updates. Map integration.
50,Agriculture/Farm Tech,"agricultural, agriculture, crop, farm, farming, harvest, livestock, produce, rural, yield",Organic Biophilic + Flat Design,"Minimalism & Swiss Style, Accessible & Ethical",Feature-Rich Showcase + Trust,IoT Sensor Dashboard,Earth Green (#4A7C23) + Brown + Sky Blue,Crop monitoring. Weather data. IoT sensors. Yield tracking. Market prices. Sustainable imagery.
51,Construction/Architecture,"blueprint, build, building, construction, contractor, engineering, infrastructure, site",Minimalism & Swiss Style + 3D & Hyperrealism,"Brutalism, Swiss Modernism 2.0",Hero-Centric Design + Feature-Rich,Project Management Dashboard,Grey (#4A4A4A) + Orange (safety) + Blueprint Blue,Project portfolio. 3D renders. Timeline. Material specs. Team collaboration. Blueprint aesthetic.
52,Automotive/Car Dealership,"auto, automotive, car, dealer, dealership, motor, vehicle",Motion-Driven + 3D & Hyperrealism,"Dark Mode (OLED), Glassmorphism, 3D Product Preview",Hero-Centric Design + Feature-Rich,Sales Intelligence Dashboard,Brand colors + Metallic accents + Dark/Light,Vehicle showcase. 360° views. Comparison tools. Financing calculator. Test drive booking. High-quality imagery.
53,Photography Studio,"photo, portrait, shoot, gallery, camera, photography, studio",Motion-Driven + Minimalism & Swiss Style,"Aurora UI, Glassmorphism, Product Showcase Minimal, Film Warm Mobile, Vintage Analog / Retro Film",Storytelling-Driven + Hero-Centric,N/A - Portfolio focused,Black + White + Minimal accent,Portfolio gallery. Before/after. Service packages. Booking system. Client galleries. Full-bleed imagery.
54,Coworking Space,"cowork, shared, office, workspace, community, desk, coworking, space",Vibrant & Block-based + Glassmorphism,"Minimalism & Swiss Style, Motion-Driven",Hero-Centric Design + Feature-Rich,Occupancy Dashboard,Energetic colors + Wood tones + Brand accent,Space tour. Membership plans. Booking system. Amenities. Community events. Virtual tour.
55,Home Services (Plumber/Electrician),"appointment, booking, consultation, electrician, home, plumber, service, services",Flat Design + Trust & Authority,"Minimalism & Swiss Style, Accessible & Ethical, Super-Normal Industrial",Conversion-Optimized + Trust,Service Analytics,Trust Blue + Safety Orange + Professional grey,Service list. Emergency contact. Booking. Price transparency. Certifications. Local trust signals.
56,Childcare/Daycare,"preschool, toddler, nursery, babysitting, childcare, daycare",Claymorphism + Vibrant & Block-based,"Soft UI Evolution, Accessible & Ethical",Social Proof-Focused + Trust,Parent Dashboard,Playful pastels + Safe colors + Warm accents,Programs. Staff profiles. Safety certifications. Parent portal. Activity updates. Cheerful imagery.
57,Senior Care/Elderly,"aging, retirement, assistance, caregiver, senior, elderly, care",Accessible & Ethical + Soft UI Evolution,"Minimalism & Swiss Style, Neumorphism",Trust & Authority + Social Proof,Healthcare Analytics,Calm Blue + Warm neutrals + Large text,Care services. Staff qualifications. Facility tour. Family portal. Large touch targets. High contrast. Accessibility-first.
58,Medical Clinic,"appointment, clinic, doctor, healthcare, hospital, medical, patient",Accessible & Ethical + Minimalism & Swiss Style,"Neumorphism, Trust & Authority, Clinical Clean Mobile",Trust & Authority + Conversion,Healthcare Analytics,Medical Blue (#0077B6) + Trust White + Calm Green,Services. Doctor profiles. Online booking. Patient portal. Insurance info. HIPAA compliant. Trust signals.
59,Pharmacy/Drug Store,"drug, medication, medicine, pharmaceutical, pharmacy, prescription, refill",Flat Design + Accessible & Ethical,"Minimalism & Swiss Style, Trust & Authority",Conversion-Optimized + Trust,Inventory Dashboard,Pharmacy Green + Trust Blue + Clean White,Product catalog. Prescription upload. Refill reminders. Health info. Store locator. Safety certifications.
60,Dental Practice,"dentist, teeth, smile, oral, hygiene, dental, practice",Soft UI Evolution + Minimalism & Swiss Style,"Accessible & Ethical, Trust & Authority",Social Proof-Focused + Conversion,Patient Analytics,Fresh Blue + White + Smile Yellow accent,Services. Dentist profiles. Before/after. Online booking. Insurance. Patient testimonials. Friendly imagery.
61,Veterinary Clinic,"pet, animal, vet, health, care, veterinary, clinic",Claymorphism + Accessible & Ethical,"Soft UI Evolution, Flat Design",Social Proof-Focused + Trust,Pet Health Dashboard,Caring Blue + Pet-friendly colors + Warm accents,Pet services. Vet profiles. Online booking. Pet portal. Emergency info. Friendly animal imagery.
62,Florist/Plant Shop,"flower, bouquet, arrangement, garden, plant, florist, shop",Organic Biophilic + Vibrant & Block-based,"Aurora UI, Motion-Driven",Hero-Centric Design + Conversion,E-commerce Analytics,Natural Green + Floral pinks/purples + Earth tones,Product catalog. Occasion categories. Delivery scheduling. Care guides. Seasonal collections. Beautiful imagery.
63,Bakery/Cafe,"pastry, coffee, baked, dessert, bakery, cafe",Vibrant & Block-based + Soft UI Evolution,"Claymorphism, Motion-Driven, Warm Organic Craft, Japandi Mobile",Hero-Centric Design + Conversion,N/A - Order focused,Warm Brown + Cream + Appetizing accents,Menu display. Online ordering. Location/hours. Catering. Seasonal specials. Appetizing photography.
64,Brewery/Winery,"beer, wine, craft, tasting, brew, vineyard, brewery, winery",Motion-Driven + Storytelling-Driven,"Dark Mode (OLED), Organic Biophilic, Warm Organic Craft",Storytelling-Driven + Hero-Centric,N/A - E-commerce focused,Deep amber/burgundy + Gold + Craft aesthetic,Product showcase. Story/heritage. Tasting notes. Events. Club membership. Artisanal imagery.
65,Airline,"airline, aviation, flight, travel, booking, airport, flying",Minimalism & Swiss Style + Glassmorphism,"Motion-Driven, Accessible & Ethical",Conversion-Optimized + Feature-Rich,Operations Dashboard,Sky Blue + Brand colors + Trust accents,Flight search. Booking. Check-in. Boarding pass. Loyalty program. Route maps. Mobile-first.
66,News/Media Platform,"content, entertainment, media, news, platform, streaming, video",Minimalism & Swiss Style + Flat Design,"Dark Mode (OLED), Accessible & Ethical, Dark Editorial, Editorial Enterprise",Hero-Centric Design + Feature-Rich,Media Analytics Dashboard,Brand colors + High contrast + Category colors,Article layout. Breaking news. Categories. Search. Subscription. Mobile reading. Fast loading.
67,Magazine/Blog,"articles, blog, content, magazine, posts, writing",Swiss Modernism 2.0 + Motion-Driven,"Minimalism & Swiss Style, Aurora UI, Dark Editorial",Storytelling-Driven + Hero-Centric,Content Analytics,Editorial colors + Brand primary + Clean white,Article showcase. Category navigation. Author profiles. Newsletter signup. Related content. Typography-focused.
68,Freelancer Platform,"gig, independent, contractor, talent, remote, freelancer, platform",Flat Design + Minimalism & Swiss Style,"Vibrant & Block-based, Micro-interactions",Feature-Rich Showcase + Conversion,Marketplace Analytics,Professional Blue + Success Green + Neutral,Profile creation. Portfolio. Skill matching. Messaging. Payment. Reviews. Project management.
69,Marketing Agency,"agency, creative, design, marketing, studio",Brutalism + Motion-Driven,"Vibrant & Block-based, Aurora UI",Storytelling-Driven + Feature-Rich,Campaign Analytics,Bold brand colors + Creative freedom,Portfolio. Case studies. Services. Team. Creative showcase. Results-focused. Bold aesthetic.
70,Event Management,"conference, event, event-management organizer venue, meetup, registration, ticket",Vibrant & Block-based + Motion-Driven,"Glassmorphism, Aurora UI, Bold Typography (Mobile Poster)",Hero-Centric Design + Feature-Rich,Event Analytics,Event theme colors + Excitement accents,Event showcase. Registration. Agenda. Speakers. Sponsors. Ticket sales. Countdown timer.
71,Membership/Community,"club, group, forum, member, exclusive, community, membership",Vibrant & Block-based + Soft UI Evolution,"Bento Grids, Micro-interactions, Risograph Mobile",Social Proof-Focused + Conversion,Community Analytics,Community brand colors + Engagement accents,Member benefits. Pricing tiers. Community showcase. Events. Member directory. Exclusive content.
72,Newsletter Platform,"email, subscribe, digest, writer, audience, newsletter, platform",Minimalism & Swiss Style + Flat Design,"Swiss Modernism 2.0, Accessible & Ethical",Minimal & Direct + Conversion,Email Analytics,Brand primary + Clean white + CTA accent,Subscribe form. Archive. About. Social proof. Sample content. Simple conversion.
73,Digital Products/Downloads,"asset, digital, download, ebook, license, template, toolkit",Vibrant & Block-based + Motion-Driven,"Glassmorphism, Bento Grids",Feature-Rich Showcase + Conversion,E-commerce Analytics,Product category colors + Brand + Success green,Product showcase. Preview. Pricing. Instant delivery. License management. Customer reviews.
74,Church/Religious Organization,"faith, worship, sermon, congregation, church, religious",Accessible & Ethical + Soft UI Evolution,"Minimalism & Swiss Style, Trust & Authority",Hero-Centric Design + Social Proof,N/A - Community focused,Warm Gold + Deep Purple/Blue + White,Service times. Events. Sermons. Community. Giving. Location. Welcoming imagery.
75,Sports Team/Club,"athlete, game, fan, match, league, sports, team, club",Vibrant & Block-based + Motion-Driven,"Dark Mode (OLED), 3D & Hyperrealism, Sports Action Mobile, Kinetic Brutalism (Mobile)",Hero-Centric Design + Feature-Rich,Performance Analytics,Team colors + Energetic accents,Schedule. Roster. News. Tickets. Merchandise. Fan engagement. Action imagery.
76,Museum/Gallery,"art, exhibit, collection, culture, history, museum, gallery",Minimalism & Swiss Style + Motion-Driven,"Swiss Modernism 2.0, 3D & Hyperrealism, Weingart Postmodern Type",Storytelling-Driven + Feature-Rich,Visitor Analytics,Art-appropriate neutrals + Exhibition accents,Exhibitions. Collections. Tickets. Events. Virtual tours. Educational content. Art-focused design.
77,Theater/Cinema,"movie, show, performance, film, stage, theater, cinema",Dark Mode (OLED) + Motion-Driven,"Vibrant & Block-based, Glassmorphism",Hero-Centric Design + Conversion,Booking Analytics,Dark + Spotlight accents + Gold,Showtimes. Seat selection. Trailers. Coming soon. Membership. Dramatic imagery.
78,Language Learning App,"flashcard, grammar, language, learning, study, translation, vocabulary",Claymorphism + Vibrant & Block-based,"Micro-interactions, Flat Design",Feature-Rich Showcase + Social Proof,Learning Analytics,Playful colors + Progress indicators + Country flags,Lesson structure. Progress tracking. Gamification. Speaking practice. Community. Achievement badges.
79,Coding Bootcamp,"bootcamp, code, coding, curriculum, developer, programming, training",Dark Mode (OLED) + Minimalism & Swiss Style,"Cyberpunk UI, Flat Design",Feature-Rich Showcase + Social Proof,Student Analytics,Code editor colors + Brand + Success green,Curriculum. Projects. Career outcomes. Alumni. Pricing. Application. Terminal aesthetic.
80,Cybersecurity Platform,"breach, cybersecurity, firewall, pentest, security, siem, threat, vulnerability",Cyberpunk UI + Dark Mode (OLED),"Neubrutalism, Minimal & Direct, Terminal CLI (Mobile)",Trust & Authority + Real-Time,Real-Time Monitoring + Heat Map,Matrix Green + Deep Black + Terminal feel,Data density. Threat visualization. Dark mode default.
81,Developer Tool / IDE,"cli, code, dev, developer, devtool, editor, ide, sdk",Dark Mode (OLED) + Minimalism & Swiss Style,"Flat Design, Bento Grids, Pitch Black Productivity",Minimal & Direct + Documentation,Real-Time Monitor + Terminal,Dark syntax theme colors + Blue focus,Keyboard shortcuts. Syntax highlighting. Fast performance.
82,Biotech / Life Sciences,"biotech, dna, genetics, genomics, laboratory, life-science, pharmaceutical, research",Glassmorphism + Nature Distilled,"Minimalism & Swiss Style, Organic Biophilic",Storytelling-Driven + Research,Data-Dense + Predictive,Sterile White + DNA Blue + Life Green,Data accuracy. Cleanliness. Complex data viz.
83,Space Tech / Aerospace,"aerospace, launch, orbit, rocket, satellite, space, spacecraft, telemetry",HUD / Sci-Fi FUI + Dark Mode (OLED),"Glassmorphism, 3D & Hyperrealism",Immersive Experience + Hero,Real-Time Monitoring + 3D,Deep Space Black + Star White + Metallic,High-tech feel. Precision. Telemetry data.
84,Architecture / Interior,"architect, architecture, decor, floor-plan, interior, renovation, room, spatial",Exaggerated Minimalism + Product Showcase Minimal,"Swiss Modernism 2.0, Parallax Storytelling",Portfolio Grid + Visuals,Project Management + Gallery,Monochrome + Gold Accent + High Imagery,High-res images. Typography. Space.
85,Quantum Computing Interface,"quantum, computing, physics, qubit, future, science",HUD / Sci-Fi FUI + Dark Mode (OLED),"Glassmorphism, Spatial UI (VisionOS)",Immersive/Interactive Experience,3D Spatial Data + Real-Time Monitor,Quantum Blue #00FFFF + Deep Black + Interference patterns,Visualize complexity. Qubit states. Probability clouds. High-tech trust.
86,Biohacking / Longevity App,"biohacking, health, longevity, tracking, wellness, science",Biomimetic / Organic 2.0,"Minimalism & Swiss Style, Dark Mode (OLED)",Data-Dense + Storytelling,Real-Time Monitor + Biological Data,Cellular Pink/Red + DNA Blue + Clean White,Personal data privacy. Scientific credibility. Biological visualizations.
87,Autonomous Drone Fleet Manager,"drone, autonomous, fleet, aerial, logistics, robotics",HUD / Sci-Fi FUI,"Real-Time Monitoring, Spatial UI (VisionOS)",Real-Time Monitor,Geographic + Real-Time,Tactical Green #00FF00 + Alert Red + Map Dark,Real-time telemetry. 3D spatial awareness. Latency indicators. Safety alerts.
88,Generative Art Platform,"art, generative, ai, creative, platform, gallery",Exaggerated Minimalism + Gen Z Chaos / Maximalism,"Bento Grids, Dark Mode (OLED)",Bento Grid Showcase,Gallery / Portfolio,Neutral #F5F5F5 (Canvas) + User Content,Content is king. Fast loading. Creator attribution. Minting flow.
89,Spatial Computing OS / App,"spatial, vr, ar, vision, os, immersive, mixed-reality",Spatial UI (VisionOS),"Glassmorphism, 3D & Hyperrealism",Immersive/Interactive Experience,Spatial Dashboard,Frosted Glass + System Colors + Depth,Gaze/Pinch interaction. Depth hierarchy. Environment awareness.
90,Sustainable Energy / Climate Tech,"climate, energy, sustainable, green, tech, carbon",Organic Biophilic + E-Ink / Paper,"Data-Dense Dashboard, Swiss Modernism 2.0, Nature Distilled, Super-Normal Industrial",Interactive Demo + Data,Energy/Utilities Dashboard,Earth Green + Sky Blue + Solar Yellow,Data transparency. Impact visualization. Low-carbon web design.
91,Personal Finance Tracker,"budget, expense, money, finance, spending, savings, tracker, personal, wallet",Glassmorphism + Dark Mode (OLED),"Minimalism & Swiss Style, Flat Design",Interactive Product Demo,Financial Dashboard,Calm blue + success green + alert red + chart accents,Category pie/donut charts. Monthly trend lines. Budget progress bars. Transaction list with swipe actions. Receipt camera. Currency formatting. Recurring entries.
92,Chat & Messaging App,"chat, message, messenger, im, realtime, conversation, inbox, dm, whatsapp, telegram",Minimalism & Swiss Style + Micro-interactions,"Glassmorphism, Flat Design",Feature-Rich Showcase + Demo,User Behavior Analytics,Brand primary + bubble contrast (sender/receiver) + typing grey,Bubble UI (left/right alignment). Typing indicators. Read receipts (✓✓). Image/file preview. Emoji reactions. Group avatars. Online status dots. Swipe-to-reply.
93,Notes & Writing App,"notes, memo, writing, editor, notebook, markdown, journal, notion, obsidian",Minimalism & Swiss Style + Flat Design,"Swiss Modernism 2.0, Soft UI Evolution, Warm Productivity Mobile, Notion Warm Workspace",Minimal & Direct,N/A - Editor focused,Clean white/cream + minimal accent + editor syntax colors,WYSIWYG or Markdown toggle. Folder/tag organization. Full-text search. Cloud sync. Typography-first. Distraction-free zen mode. Slash-command palette.
94,Habit Tracker,"habit, streak, routine, daily, tracker, goals, consistency, discipline",Claymorphism + Vibrant & Block-based,"Micro-interactions, Flat Design, Warm Productivity Mobile, Japandi Mobile",Social Proof-Focused + Demo,User Behavior Analytics,Streak warm (amber/orange) + progress green + motivational accents,Streak calendar heatmap. Daily check-in interaction. Gamification (badges/levels/fire). Reminder push. Progress ring charts. Weekly/monthly stats. Motivational micro-copy.
95,Food Delivery / On-Demand,"delivery, food, order, uber-eats, doordash, takeout, on-demand, courier",Vibrant & Block-based + Motion-Driven,"Glassmorphism, Flat Design",Hero-Centric Design + Feature-Rich,Real-Time Monitoring + Map,Appetizing warm (orange/red) + trust blue + map accent,Restaurant cards with ratings. Menu category horizontal scroll. Cart bottom sheet. Real-time map tracking + driver ETA. Order status stepper. Rating post-delivery.
96,Ride Hailing / Transportation,"ride, taxi, uber, lyft, transport, carpool, driver, trip, fare",Minimalism & Swiss Style + Glassmorphism,"Dark Mode (OLED), Motion-Driven",Conversion-Optimized + Demo,Real-Time Monitoring + Map,Brand primary + map neutral + status indicator colors,Map-centric full-screen UI. Pickup/dropoff pins + route polyline. Driver card (photo/rating/vehicle). Fare estimate. Trip timer. Safety SOS button. Payment sheet.
97,Recipe & Cooking App,"recipe, cooking, food, kitchen, cookbook, meal, ingredient, chef",Claymorphism + Vibrant & Block-based,"Soft UI Evolution, Organic Biophilic",Hero-Centric Design + Feature-Rich,N/A - Content focused,Warm food tones (terracotta/sage/cream) + appetizing imagery,Step-by-step with checkable instructions. Ingredient list with serving adjuster. Built-in timer per step. Cooking mode (screen-awake + large text). Save/bookmark. Share.
98,Meditation & Mindfulness,"meditation, mindfulness, calm, breathe, wellness, relaxation, sleep, headspace",Neumorphism + Soft UI Evolution,"Aurora UI, Glassmorphism, Pastel Wellness (Mobile), Japandi Mobile",Storytelling-Driven + Social Proof,User Behavior Analytics,Ultra-calm pastels (lavender/sage/sky) + breathing animation gradient,Breathing circle animation. Session duration picker. Ambient sound mixer. Streak/consistency tracking. Guided audio player. Sleep timer. Minimal chrome. Slow easing transitions only.
99,Weather App,"weather, forecast, temperature, climate, rain, sun, location, humidity",Glassmorphism + Aurora UI,"Motion-Driven, Minimalism & Swiss Style, Glassmorphism Light (Mobile)",Hero-Centric Design,N/A - Utility focused,Atmospheric gradients (sky blue → sunset → storm grey) + temp scale,Location auto-detect. Hourly horizontal scroll + daily/weekly list. Animated weather icons. Air quality index. UV/wind/humidity chips. Radar map overlay. Widget-friendly layout.
100,Diary & Journal App,"diary, journal, personal, daily, reflection, mood, gratitude, writing",Soft UI Evolution + Minimalism & Swiss Style,"Neumorphism, Sketch Hand-Drawn (Mobile), Film Warm Mobile, Warm Productivity Mobile",Storytelling-Driven,N/A - Personal focused,Warm paper tones (cream/linen) + muted ink + mood-coded accents,Calendar month-view entry. Mood tag selector (emoji/color). Photo/voice attachment. Writing prompts. Privacy lock (FaceID/PIN). Search across entries. Export to PDF.
101,CRM & Client Management,"crm, client, customer, sales, pipeline, contact, lead, deal, hubspot",SaaS Soft Glass + Minimalism & Swiss Style,"Glassmorphism SaaS (Light Web), Soft UI Evolution, Micro-interactions, Enterprise SaaS (Mobile), Sales Intelligence Dashboard",Feature-Rich Showcase + Demo,Sales Intelligence Dashboard,Professional blue + pipeline stage colors + closed-won green,Contact card list with avatar. Pipeline kanban board. Activity timeline. Quick-log (call/email/meeting). Deal amount + probability. Tag/segment filter. Mobile quick-actions.
102,Inventory & Stock Management,"inventory, stock, warehouse, product, barcode, supply, sku, management",Flat Design + Minimalism & Swiss Style,"Dark Mode (OLED), Accessible & Ethical",Feature-Rich Showcase,Real-Time Monitoring + Data-Dense,Functional neutral + status traffic-light (green/amber/red) + scanner accent,Product list/grid with thumbnails. Barcode/QR scanner. Stock level badges. Low-stock alert banner. Category/location filter. Batch edit. Reorder trigger. Audit log.
103,Flashcard & Study Tool,"flashcard, quiz, study, spaced-repetition, anki, learn, memory, exam",Claymorphism + Micro-interactions,"Vibrant & Block-based, Flat Design",Feature-Rich Showcase + Demo,Learning Analytics,Playful primary + correct green + incorrect red + progress blue,3D card flip animation. Spaced repetition algorithm. Deck browser. Session progress bar. Streak tracking. Timed quiz mode. Share/import decks. Rich text + image cards.
104,Booking & Appointment App,"booking, appointment, schedule, calendar, reservation, slot, service",Soft UI Evolution + Flat Design,"Minimalism & Swiss Style, Micro-interactions",Conversion-Optimized,Drill-Down Analytics,Trust blue + available green + booked grey + confirm accent,Calendar strip or month picker. Available time-slot grid. Service + staff selector. Confirmation summary. Reminder push. Reschedule/cancel flow. Two-sided (provider ↔ client).
105,Invoice & Billing Tool,"invoice, billing, payment, receipt, freelance, estimate, quote, accounting",Minimalism & Swiss Style + Flat Design,"Swiss Modernism 2.0, Accessible & Ethical",Conversion-Optimized + Trust,Financial Dashboard,Professional navy + paid green + overdue red + neutral grey,Invoice template with line items. Tax/discount calculation. Status badges (Draft/Sent/Paid/Overdue). PDF export + share. Payment link generation. Client address book. Recurring invoices.
106,Grocery & Shopping List,"grocery, shopping, list, supermarket, checklist, pantry, meal-plan, buy",Flat Design + Vibrant & Block-based,"Claymorphism, Micro-interactions",Minimal & Direct + Demo,N/A - List focused,Fresh green + food-category colors + checkmark accent,Category-grouped list. Tap-to-check interaction (with strikethrough). Quantity stepper. Share list with family. Store aisle sorting. Barcode scan to add. Frequently bought suggestions.
107,Timer & Pomodoro,"timer, pomodoro, countdown, stopwatch, focus, clock, productivity, interval",Minimalism & Swiss Style + Neumorphism,"Dark Mode (OLED), Micro-interactions",Minimal & Direct,N/A - Utility focused,High-contrast on dark + focus red/amber + break green,Large centered countdown digits. Circular progress ring. Session/break auto-switch. Session history log. Custom interval settings. Sound + haptic alerts. Focus stats chart.
108,Parenting & Baby Tracker,"baby, parenting, child, feeding, sleep, diaper, milestone, family, newborn",Claymorphism + Soft UI Evolution,"Vibrant & Block-based, Accessible & Ethical",Social Proof-Focused + Trust,User Behavior Analytics,Soft pastels (baby pink/sky blue/mint/peach) + warm accents,Feed/sleep/diaper quick-log buttons. Growth percentile chart. Milestone timeline with photos. Multiple child profiles. Partner invite + shared access. Pediatric reference. One-handed operation.
109,Scanner & Document Manager,"scanner, document, ocr, pdf, scan, camera, file, archive, digitize",Minimalism & Swiss Style + Flat Design,"Dark Mode (OLED), Accessible & Ethical",Feature-Rich Showcase + Demo,N/A - Tool focused,Clean white + camera viewfinder accent + file-type color coding,Camera capture with auto-edge detection. Crop/rotate/enhance. OCR text extraction overlay. PDF multi-page creation. Folder tree organization. Cloud sync. Share/export. Batch scan mode.
110,Calendar & Scheduling App,"calendar, scheduling, planner, agenda, events, reminder, appointment, organize, date, sync",Flat Design + Micro-interactions,"Minimalism & Swiss Style, Soft UI Evolution, Flat Design Mobile (Touch-First)",Feature-Rich Showcase + Demo,N/A - Calendar focused,Clean blue + event category accent colors + success green,Event color coding. Week/month/day views. Recurring events. Conflict detection. Multi-calendar sync.
111,Password Manager,"password, security, vault, credentials, login, secure, encrypt, keychain, 2fa, biometric",Minimalism & Swiss Style + Accessible & Ethical,"Dark Mode (OLED), Trust & Authority",Trust & Authority + Feature-Rich,N/A - Vault focused,Trust blue + security green + dark neutral,Security-first. Zero-knowledge architecture. Biometric unlock. Breach alert dashboard. Password generator.
112,Expense Splitter / Bill Split,"split, expense, bill, aa, share, friends, group, settle, debt, payment, owe",Flat Design + Vibrant & Block-based,"Minimalism & Swiss Style, Micro-interactions",Minimal & Direct + Demo,N/A - Balance focused,Success green + alert red + neutral grey + avatar accent colors,Group expense tracking. Debt simplification algorithm. Payment reminders. Multi-currency. Receipt photo import.
113,Voice Recorder & Memo,"voice, recorder, memo, audio, transcription, dictate, recording, microphone, note, otter",Minimalism & Swiss Style + AI-Native UI,"Flat Design, Dark Mode (OLED)",Interactive Product Demo + Minimal,N/A - Recording focused,Clean white + recording red + waveform accent,Waveform display. Background recording. Auto-transcription (AI). Tag/organize. Cloud sync.
114,Bookmark & Read-Later,"bookmark, read-later, save, article, pocket, link, reading, archive, collection, raindrop",Minimalism & Swiss Style + Flat Design,"Editorial Grid / Magazine, Swiss Modernism 2.0",Minimal & Direct + Demo,N/A - List focused,Paper warm white + ink neutral + minimal accent + tag colors,Fast save via share sheet. Article distraction-free view. Tags and collections. Offline sync. Reading progress.
115,Translator App,"translate, language, text, voice, ocr, dictionary, multilingual, real-time, detect, deepl",Flat Design + AI-Native UI,"Minimalism & Swiss Style, Micro-interactions",Feature-Rich Showcase + Interactive Demo,N/A - Utility focused,Global blue + neutral grey + language flag accent,Real-time camera translation (OCR). Voice input and output. Offline mode. Conversation mode. Phrasebook.
116,Calculator & Unit Converter,"calculator, converter, unit, math, currency, measurement, scientific, formula, percentage",Neumorphism + Minimalism & Swiss Style,"Flat Design, Dark Mode (OLED)",Minimal & Direct,N/A - Utility focused,Dark functional + orange operation keys + clear button hierarchy,Scientific mode toggle. Live currency rates. Calculation history. Widget support. Gesture input.
117,Alarm & World Clock,"alarm, clock, world, timezone, timer, wake, sleep, schedule, reminder, bedtime",Dark Mode (OLED) + Minimalism & Swiss Style,"Neumorphism, Flat Design",Minimal & Direct,N/A - Utility focused,Deep dark + ambient glow accent + timezone gradient,Gentle wake (gradual volume). Timezone visualizer. Sleep tracking integration. Smart alarm skip. Bedtime mode.
118,File Manager & Transfer,"file, manager, transfer, folder, document, storage, cloud, share, organize, compress",Flat Design + Minimalism & Swiss Style,"Accessible & Ethical, Dark Mode (OLED)",Feature-Rich Showcase + Demo,N/A - File tree focused,"Functional neutral + file type color coding (PDF orange, doc blue, image purple)",Folder tree navigation. File type preview. Wireless P2P transfer. Cloud integration. Compress and extract.
119,Email Client,"email, mail, inbox, compose, thread, newsletter, filter, reply, gmail, spark, superhuman",Flat Design + Minimalism & Swiss Style,"Micro-interactions, Soft UI Evolution",Feature-Rich Showcase + Demo,N/A - Inbox focused,Clean white + brand primary + priority red + snooze amber,Unified inbox. Swipe actions (archive/delete/snooze). Priority sorting. Smart reply. Unsubscribe tool.
120,Casual Puzzle Game,"puzzle, casual, match, brain, game, relaxing, level, tiles, logic, block, three",Claymorphism + Vibrant & Block-based,"Micro-interactions, Motion-Driven, Tactile Digital / Deformable UI",Feature-Rich Showcase + Social Proof,N/A - Game focused,Cheerful pastels + progression gradient + reward gold + bright accent,Satisfying match/clear animations. Progressive difficulty. Daily challenges. No-skip tutorials. Offline play.
121,Trivia & Quiz Game,"trivia, quiz, knowledge, question, answer, challenge, leaderboard, fact, brain, compete",Vibrant & Block-based + Micro-interactions,"Claymorphism, Flat Design",Feature-Rich Showcase + Social Proof,Leaderboard Analytics,Energetic blue + correct green + incorrect red + leaderboard gold,Timer pressure UX. Category selection. Streak system. Real-time multiplayer. Daily quiz mode.
122,Card & Board Game,"card, board, chess, checkers, poker, strategy, turn-based, multiplayer, classic, tabletop",3D & Hyperrealism + Flat Design,"Motion-Driven, Dark Mode (OLED)",Feature-Rich Showcase,N/A - Game focused,Game-theme felt green + dark wood + card back patterns,Real-time or async multiplayer. Game state sync. Tutorial mode. Match history. ELO rating system.
123,Idle & Clicker Game,"idle, clicker, incremental, passive, cookie, adventure, progress, offline, collect, prestige",Vibrant & Block-based + Motion-Driven,"Claymorphism, 3D & Hyperrealism",Feature-Rich Showcase,N/A - Progress focused,Coin gold + upgrade blue + prestige purple + progress green,Offline progress calculation. Satisfying number animations. Upgrade tree clarity. Prestige system. Optional ads.
124,Word & Crossword Game,"word, crossword, wordle, spelling, vocabulary, letters, grid, puzzle, dictionary, daily",Minimalism & Swiss Style + Flat Design,"Swiss Modernism 2.0, Micro-interactions",Minimal & Direct + Demo,N/A - Game focused,Clean white + warm letter tiles + success green + shake red,Daily challenge with shareable results. Physical keyboard feel. Difficulty levels. Dictionary hints. Streak stats.
125,Arcade & Retro Game,"arcade, retro, 8bit, action, shoot, runner, tap, reflex, endless, pixel, classic, score",Pixel Art + Retro-Futurism,"Vibrant & Block-based, Motion-Driven",Feature-Rich Showcase + Hero-Centric,N/A - Score focused,Neon on black + pixel palette + score gold + danger red,Instant play with no login. Game Center leaderboards. Haptic feedback on collision. Offline. Controller support.
126,Photo Editor & Filters,"photo, edit, filter, vsco, snapseed, enhance, crop, retouch, adjust, luts, preset, adjust",Minimalism & Swiss Style + Dark Mode (OLED),"Motion-Driven, Flat Design, Film Warm Mobile",Feature-Rich Showcase + Interactive Demo,N/A - Editor focused,Dark editor background + vibrant filter preview strip + tool icon accent,Non-destructive editing. Filter preview carousel. Histogram. RAW support. Batch export. Social share direct.
127,Short Video Editor,"video, edit, capcut, inshot, clip, reel, tiktok, trim, effects, transitions, music, timeline",Dark Mode (OLED) + Motion-Driven,"Vibrant & Block-based, Glassmorphism",Feature-Rich Showcase + Hero-Centric,N/A - Timeline editor focused,Dark background + timeline track accent colors + effect preview vivid,Multi-track timeline. Licensed music library. Text overlays. Auto-captions. Export 9:16 / 16:9 / 1:1.
128,Drawing & Sketching Canvas,"drawing, sketch, procreate, canvas, paint, illustration, digital, brush, layers, art, stylus",Minimalism & Swiss Style + Dark Mode (OLED),"Anti-Polish / Raw Aesthetic, Motion-Driven",Interactive Product Demo + Storytelling,N/A - Canvas focused,Neutral canvas + full-spectrum color picker + tool panel dark,Pressure sensitivity. Infinite canvas (pan/zoom). Layer management. Undo history. Export PNG/PSD/SVG.
129,Music Creation & Beat Maker,"music, beat, daw, garageband, create, loop, sample, instrument, track, compose, record, midi",Dark Mode (OLED) + Motion-Driven,"Cyberpunk UI, Glassmorphism",Interactive Product Demo + Storytelling,N/A - DAW focused,Dark studio background + track colors rainbow + waveform accent + BPM pulse,Touch piano and drum pad. Loop browser. MIDI support. Export MP3/WAV. Low-latency audio engine.
130,Meme & Sticker Maker,"meme, sticker, maker, funny, caption, template, edit, share, viral, emoji, creator, reaction",Vibrant & Block-based + Flat Design,"Gen Z Chaos / Maximalism, Claymorphism",Feature-Rich Showcase + Social Proof,N/A - Creator focused,Bold primary + comedic yellow + viral red + high saturation accent,Template library. Caption text overlay. Font variety. Reaction sticker packs. Share to all platforms. Fast creation.
131,AI Photo & Avatar Generator,"ai, photo, avatar, lensa, portrait, generate, selfie, style, filter, prisma, art",AI-Native UI + Aurora UI,"Glassmorphism, Minimalism & Swiss Style",Feature-Rich Showcase + Social Proof,N/A - Generation focused,AI purple + aurora gradients + before/after neutral,Style selection. Multiple output variations. Privacy policy prominent. Fast generation. Credits/subscription system.
132,Link-in-Bio Page Builder,"bio, link, linktree, personal, creator, social, portfolio, profile, custom",Vibrant & Block-based + Bento Grids,"Minimalism & Swiss Style, Glassmorphism",Conversion-Optimized + Social Proof,Analytics (click tracking),Brand-customizable + accent link color + clean white canvas,Drag-drop builder. Theme templates. Click analytics. Custom domain. Social icon integration. QR code export.
133,Wardrobe & Outfit Planner,"wardrobe, outfit, fashion, clothes, closet, style, wear, plan, capsule, ootd, lookbook",Minimalism & Swiss Style + Motion-Driven,"Aurora UI, Soft UI Evolution, Fashion Editorial (Mobile)",Storytelling-Driven + Feature-Rich,N/A - Wardrobe focused,Clean fashion neutral + full clothes color palette + accent,Photo catalog of clothes. AI outfit suggestions. Calendar integration. Capsule wardrobe. Season filtering.
134,Plant Care Tracker,"plant, care, water, garden, tracker, reminder, species, photo, grow, health, planta",Organic Biophilic + Soft UI Evolution,"Claymorphism, Flat Design",Storytelling-Driven + Social Proof,N/A - Plant collection focused,Nature greens + earth brown + sunny yellow reminder + water blue,Plant database with care guides. Watering reminders. Growth photo timeline. AI health diagnosis. Collection sharing.
135,Book & Reading Tracker,"book, reading, tracker, goodreads, library, shelf, progress, review, notes, goal, literature",Swiss Modernism 2.0 + Minimalism & Swiss Style,"E-Ink / Paper, Soft UI Evolution, Academia (Scholarly Mobile)",Social Proof-Focused + Feature-Rich,N/A - Library focused,Warm paper white + ink brown + reading progress green + book cover colors,Barcode scan to add. Progress percentage. Annual reading goal. Notes and quotes. Friends activity. Genre stats.
136,Couple & Relationship App,"couple, relationship, partner, love, date, anniversary, memory, shared, intimate, between",Aurora UI + Soft UI Evolution,"Claymorphism, Glassmorphism, Social Warm Mobile",Storytelling-Driven + Social Proof,N/A - Couple focused,Warm romantic pink/rose + soft gradient + memory photo tones,Shared timeline. Anniversary countdowns. Secret chat. Photo albums. Love language quiz. Date night ideas.
137,Family Calendar & Chores,"family, calendar, chores, tasks, household, shared, kids, schedule, cozi, organize, member",Flat Design + Claymorphism,"Accessible & Ethical, Vibrant & Block-based",Feature-Rich Showcase + Social Proof,N/A - Family hub focused,Warm playful + member color coding + chore completion green,Member color coding. Chore assignment rotation. Recurring events. Shared shopping list. Allowance tracking.
138,Mood Tracker,"mood, emotion, feeling, mental, daily, journal, wellbeing, check-in, log, track, daylio",Soft UI Evolution + Minimalism & Swiss Style,"Aurora UI, Neumorphism",Storytelling-Driven + Social Proof,N/A - Mood chart focused,Emotion gradient (blue sad to yellow happy) + pastel per mood + insight accent,One-tap daily check-in. Emotion wheel selector. Mood calendar heatmap. Pattern insights. Export and share.
139,Gift & Wishlist,"gift, wishlist, present, birthday, occasion, registry, idea, shop, list, share, surprise",Vibrant & Block-based + Soft UI Evolution,"Claymorphism, Flat Design",Minimal & Direct + Conversion,N/A - List focused,Celebration warm pink/gold/red + category colors + surprise accent,Add from any URL. Price range filter. Reserved-by-others system. Occasion calendar. Collaborative list. Surprise mode.
140,Running & Cycling GPS,"running, cycling, gps, strava, track, route, speed, distance, cadence, pace, workout, sport",Dark Mode (OLED) + Vibrant & Block-based,"Motion-Driven, Glassmorphism, Brand-Immersive Utility (Mobile), Sports Action Mobile",Feature-Rich Showcase + Social Proof,Performance Analytics,Energetic orange + map accent + pace zones (green/yellow/red),Live GPS tracking. Route map. Auto-pause detection. Segment leaderboards. Training zones. Social feed. Garmin sync.
141,Yoga & Stretching Guide,"yoga, stretch, flexibility, pose, asana, guided, session, calm, routine, wellness, down-dog",Organic Biophilic + Soft UI Evolution,"Neumorphism, Minimalism & Swiss Style, Pastel Wellness (Mobile), Nature Distilled",Storytelling-Driven + Social Proof,N/A - Session focused,Earth calming sage/terracotta/cream + breathing gradient + warm accent,Pose library with illustrations. Guided sessions with audio. Breathing exercises. Progress calendar. Beginner to advanced.
142,Sleep Tracker,"sleep, tracker, alarm, cycle, quality, snore, analysis, rem, deep, smart, wake, insomnia",Dark Mode (OLED) + Neumorphism,"Glassmorphism, Minimalism & Swiss Style, Neumorphism (Mobile)",Feature-Rich Showcase + Social Proof,Healthcare Analytics,Deep midnight blue + stars/moon accent + sleep quality gradient (poor red to great green),Sleep cycle detection. Smart alarm wakes at light sleep. Snore detection. Weekly trends. Apple Health integration.
143,Calorie & Nutrition Counter,"calorie, nutrition, food, diet, macro, protein, carb, fat, log, fitness, myfitnesspal",Flat Design + Vibrant & Block-based,"Minimalism & Swiss Style, Claymorphism",Feature-Rich Showcase + Social Proof,Healthcare Analytics,"Healthy green + macro colors (protein blue, carb orange, fat yellow) + progress circle",Barcode scanner food log. Large database. Macro goals. Restaurant lookup. Recipe builder. AI photo food logging.
144,Period & Cycle Tracker,"period, cycle, menstrual, fertility, ovulation, pms, log, women, health, flo, clue, hormone",Soft UI Evolution + Aurora UI,"Accessible & Ethical, Claymorphism, Pastel Wellness (Mobile)",Social Proof-Focused + Trust,Healthcare Analytics,Rose/blush + lavender + fertility green + soft calendar tones,Cycle prediction. Symptom logging. Fertility window. Personalized insights. Privacy-first. Partner sharing option.
145,Medication & Pill Reminder,"medication, pill, reminder, dose, schedule, prescription, drug, health, medisafe, refill",Accessible & Ethical + Flat Design,"Minimalism & Swiss Style, Trust & Authority",Trust & Authority + Feature-Rich,N/A - Schedule focused,Medical trust blue + missed alert red + taken green + clean white,Multi-medication schedule. Caregiver sharing. Refill reminders. Drug interaction warnings. Large touch targets.
146,Water & Hydration Reminder,"water, hydration, drink, reminder, daily, tracker, glasses, intake, health, cup, aqua",Claymorphism + Vibrant & Block-based,"Flat Design, Micro-interactions",Minimal & Direct + Demo,N/A - Daily goal focused,Refreshing blue + water wave animation + goal progress accent,Tap to log quickly. Animated fill visualization. Custom reminders. Goal by weight/weather. Streak system. Widget.
147,Fasting & Intermittent Timer,"fasting, intermittent, 16:8, timer, fast, eating, window, keto, diet, zero, weight, protocol",Minimalism & Swiss Style + Dark Mode (OLED),"Neumorphism, Flat Design",Feature-Rich Showcase + Social Proof,N/A - Timer focused,Fasting deep blue/purple + eating window green + timeline neutral,"Protocol selector (16:8, 18:6, OMAD). Circular countdown timer. Fasting history log. Tips during fast. Electrolytes."
148,Anonymous Community / Confession,"anonymous, community, confess, whisper, secret, vent, share, safe, private, social, yikyak",Dark Mode (OLED) + Minimalism & Swiss Style,"Glassmorphism, Soft UI Evolution",Social Proof-Focused + Feature-Rich,User Behavior Analytics,Dark protective + subtle gradient + upvote green + empathy warm accent,Anonymous posting with moderation. Safety reporting. Reaction system. Trending topics. Mental health resources link.
149,Local Events & Discovery,"local, events, discovery, meetup, nearby, social, city, activities, calendar, community, explore",Vibrant & Block-based + Motion-Driven,"Glassmorphism, Flat Design",Hero-Centric Design + Feature-Rich,Event Analytics,City vibrant + event category colors + map accent + date highlight,Location-based discovery. Category filters. RSVP flow. Map view. Friend attendance. Organizer tools. Reminders.
150,Study Together / Virtual Coworking,"study, focus, cowork, pomodoro, virtual, together, session, accountability, live, stream, room",Minimalism & Swiss Style + Soft UI Evolution,"Flat Design, Dark Mode (OLED)",Social Proof-Focused + Feature-Rich,User Behavior Analytics,Calm focus blue + session progress indicator + ambient warm neutrals,Live study rooms with video/avatar presence. Shared focus timer. Ambient music. Goals sharing. Streak accountability.
151,Coding Challenge & Practice,"coding, leetcode, challenge, algorithm, practice, programming, competitive, skill, interview, problem",Dark Mode (OLED) + Cyberpunk UI,"Minimalism & Swiss Style, Flat Design",Feature-Rich Showcase + Social Proof,Student Analytics,Code editor dark + success green + difficulty gradient (easy green / medium amber / hard red),Code editor with syntax highlight. Multiple languages. Hint system. Solution explanation. Company tags. Contest mode.
152,Kids Learning (ABC & Math),"kids, children, learning, abc, math, phonics, numbers, education, games, preschool, early",Claymorphism + Vibrant & Block-based,"Micro-interactions, Flat Design, Claymorphism (Mobile)",Social Proof-Focused + Trust,Parent Dashboard,Bright primary + child-safe pastels + reward gold + interactive accent,Age-appropriate UI for 2-8. No ads. No dark patterns. Curriculum aligned. Parent progress reports. Reward system.
153,Music Instrument Learning,"music, instrument, piano, guitar, learn, lesson, tutorial, notes, play, chord, practice, simply",Vibrant & Block-based + Motion-Driven,"Dark Mode (OLED), Soft UI Evolution",Interactive Product Demo + Social Proof,Learning Analytics,Musical warm deep red/brown + note color system + skill progress bar,Interactive instrument on-screen. Sheet music display. Song library. Slow-tempo practice. Recording and playback. Teacher mode.
154,Parking Finder,"parking, spot, finder, map, pay, meter, garage, location, car, reserve, spothero",Minimalism & Swiss Style + Glassmorphism,"Flat Design, Micro-interactions",Conversion-Optimized + Feature-Rich,Real-Time Monitoring + Map,Trust blue + available green + occupied red + map neutral,Real-time availability. In-app navigation. Payment integration. Parking timer alert. Favorite spots. Street vs garage.
155,Public Transit Guide,"transit, bus, metro, subway, train, route, schedule, map, city, commute, trip, citymapper",Flat Design + Accessible & Ethical,"Minimalism & Swiss Style, Motion-Driven",Feature-Rich Showcase + Interactive Demo,Real-Time Monitoring + Map,Transit brand line colors + real-time indicator green/red + map neutral,Real-time arrivals. Offline maps. Disruption alerts. Multi-modal routing. Fare calculation. Accessibility features.
156,Road Trip Planner,"road, trip, drive, route, planner, travel, stop, map, adventure, scenic, car, wanderlog",Aurora UI + Organic Biophilic,"Motion-Driven, Vibrant & Block-based",Storytelling-Driven + Hero-Centric,N/A - Trip focused,Adventure warm sunset orange + map teal + stop markers + road neutral,Route planning with stops. Point-of-interest discovery. Gas/food/hotel along route. Offline maps. Trip sharing.
157,VPN & Privacy Tool,"vpn, privacy, secure, anonymous, encrypt, proxy, ip, protect, shield, network, nordvpn",Minimalism & Swiss Style + Dark Mode (OLED),"Cyberpunk UI, Trust & Authority",Trust & Authority + Conversion-Optimized,N/A - Connection focused,Dark shield blue + connected green + disconnected red + trust accent,One-tap connect. Server selection by country. No-log policy prominent. Speed indicator. Kill switch. Protocol choice.
158,Emergency SOS & Safety,"emergency, sos, safety, alert, location, help, danger, crisis, first-aid, guard, bsafe",Accessible & Ethical + Flat Design,"Dark Mode (OLED), Minimalism & Swiss Style",Trust & Authority + Social Proof,N/A - Safety focused,Alert red + safety blue + location green + high contrast critical,One-tap SOS. Emergency contacts auto-notify. Live location sharing. Fake call feature. Safe walk mode. Local emergency numbers.
159,Wallpaper & Theme App,"wallpaper, theme, background, customize, aesthetic, home-screen, lock-screen, widget, design, zedge",Vibrant & Block-based + Aurora UI,"Glassmorphism, Motion-Driven",Feature-Rich Showcase + Social Proof,N/A - Gallery focused,Content-driven + trending aesthetic palettes + download accent,Category browsing. Preview on device. Daily wallpaper auto-set. Widget matching. Creator uploads. Resolution auto-fit.
160,White Noise & Ambient Sound,"white noise, ambient, sound, sleep, focus, rain, nature, relax, concentration, background, noisli",Minimalism & Swiss Style + Dark Mode (OLED),"Neumorphism, Organic Biophilic",Minimal & Direct + Social Proof,N/A - Player focused,Calming dark + ambient texture visual + subtle sound wave + sleep blue,Sound mixer with multiple simultaneous layers. Sleep timer with fade. Custom soundscapes. Offline. Background audio.
161,Home Decoration & Interior Design,"home, interior, decor, design, furniture, room, renovation, ar, plan, inspire, 3d, houzz",Minimalism & Swiss Style + 3D Product Preview,"Organic Biophilic, Aurora UI",Storytelling-Driven + Feature-Rich,N/A - Project focused,Neutral interior palette + material texture accent + AR blue,AR room visualization. Style quiz. Product catalog with purchase links. 3D room planner. Mood board. Before/after.
162,Traditional Craft / Cultural Brand,"craft, artisan, heritage, cultural, traditional, tea, ceramics, silk, calligraphy, ink, oriental, luxury, museum, antique, handmade",Chinese Ink / Eastern Aesthetic + Minimalism & Swiss Style,"Editorial Grid / Magazine, Organic Biophilic, Eastern Craft Mobile, Japandi Mobile, Risograph Mobile, Bauhaus (包豪斯), Tanaka Poster Modernism",Storytelling-Driven,N/A,Ink black + rice paper white + vermilion red accent + stone grey,Generous whitespace echoing scroll painting. Vertical calligraphy headings where appropriate. Slow unhurried transitions (400-600ms). High-quality product photography with warm lustre lighting. Cultural authenticity over trendy decoration.
163,Payments / Checkout,"checkout, gateway, invoice, merchant, payment, payout, pos, receipt, settlement, transaction",Minimalism & Swiss Style + Flat Design,"Glassmorphism SaaS (Light Web), Accessible & Ethical",Trust & Authority + Demo,Transaction Monitoring + Merchant Dashboard,Trust navy + success green + gold secondary,Trust signals paramount. Minimal distractions during checkout flow. Clear transaction status. PCI compliance visual cues.
164,DevOps / Infrastructure,"apm, ci-cd, cloud-infra, container, deploy, devops, incident, kubernetes, observability, pipeline, terraform",Dark Cinematic SaaS + Flat Design,"Minimalism & Swiss Style, Data Art & Visualization, Pitch Black Productivity",Minimal & Direct + Demo,Data-Dense + Real-Time Monitoring,Dark background + status-coded alerts + high-density data,Information density is king. Real-time status updates. Alert severity color coding. Log readability at small font sizes.
165,API / Developer Platform,"api, developer, documentation, endpoint, graphql, openapi, rest, sandbox, sdk, webhook",Editorial Grid / Magazine + Flat Design,"Minimalism & Swiss Style, Dark Cinematic SaaS",Documentation + Interactive Playground,Usage Analytics + Rate Limit Dashboard,Neutral + code-block contrast + syntax highlighting,Code examples front and center. Interactive API explorer. Clear endpoint hierarchy. Copy-to-clipboard everywhere.
166,No-Code / Low-Code Builder,"automation, builder, drag-drop, low-code, no-code, visual-editor, workflow, wysiwyg, zap",Vibrant & Block-based + Glassmorphism SaaS (Light Web),"Aurora UI, Motion-Driven",Hero + Demo + Social Proof,Workflow Canvas + Template Gallery,Playful primary + canvas neutral + connection-line accent,Drag-and-drop clarity. Node/flow visualization. Template showcase. Progressive complexity disclosure.
167,Video Conferencing,"call, conference, meeting, screen-share, video, virtual-meeting, webinar, webrtc",Flat Design + Minimalism & Swiss Style,"Dark Mode (OLED), Glassmorphism SaaS (Light Web)",Minimal & Direct + Social Proof,Meeting Analytics + Scheduling Dashboard,Neutral background + active-speaker indicator + mute-status color,Video tile grid clarity. Minimal chrome during calls. Clear mute/camera status. Screen share readability.
168,Cloud Storage / File Sharing,"backup, cloud-storage, drive, file, folder, sharing, storage, sync, transfer, upload",Minimalism & Swiss Style + Flat Design,"Glassmorphism SaaS (Light Web), Accessible & Ethical",Minimal & Direct + Feature Comparison,Storage Usage + File Activity Dashboard,Trust blue + file-type icon colors + storage-usage indicator,File type visual differentiation. Upload/download progress clarity. Sharing permissions at a glance. Storage quota visualization.
169,CMS / Website Builder,"cms, content-management, headless, page-builder, site-builder, template, website-builder, wordpress",Vibrant & Block-based + Editorial Grid / Magazine,"Glassmorphism SaaS (Light Web), Minimalism & Swiss Style",Feature-Rich Showcase + Demo,Content Calendar + Site Analytics,Editor-neutral palette + template showcase vibrancy,Template gallery visual impact. Editor WYSIWYG clarity. Preview fidelity. Plugin/extension marketplace.
170,Social Commerce / Live Shopping,"douyin, influencer, kuaishou, live-commerce, live-shopping, social-commerce, social-selling, stream, tiktok-shop",Vibrant & Block-based + Aurora UI,"Motion-Driven, Dark Cinematic SaaS",Feature-Rich Showcase + Social Proof,Sales Analytics + Streamer Dashboard,Engagement red-pink + promotion gold + livestream indicator,Live indicator prominence. Real-time comment feed. Flash sale urgency. Product card overlay on video.
171,Industrial / Manufacturing,"assembly, erp, factory, industrial, manufacturing, mes, plant, production, quality-control, scada",Flat Design + Minimalism & Swiss Style,"Accessible & Ethical, Data Art & Visualization",Trust & Authority + Feature Comparison,Production Monitoring + Quality Dashboard,Industrial gray-blue + safety orange alerts + status green-red,Safety color compliance. High-contrast for factory floor screens. Status at a glance. Shift-based data views.
172,Logistics Dashboard,"dispatch, driver, eta, fleet, geofence, last-mile, manifest, route, shipment, tracking",Flat Design + Data Art & Visualization,"Minimalism & Swiss Style, Dark Cinematic SaaS",Trust & Authority + Demo,Route Map + Fleet Monitoring + KPI Dashboard,Map-centric + route polyline colors + delivery-status indicators,Map integration is primary. Route visualization clarity. Delivery status pipeline. ETA and delay highlighting.
173,HR / People Management,"employee, hiring, hris, human-resources, onboarding, org-chart, payroll, people, recruitment, talent",Glassmorphism SaaS (Light Web) + Flat Design,"Minimalism & Swiss Style, Accessible & Ethical, Enterprise SaaS (Mobile)",Hero + Features + Social Proof,People Analytics + Org Chart + Onboarding Flow,Warm professional + org-hierarchy visual coding,Org chart navigation. Employee directory search. Leave/attendance calendar. Approval workflow clarity.
174,Legal Tech / Contract,"clause, compliance, contract, document, e-sign, legal, nda, paralegal, signature, terms",Minimalism & Swiss Style + Editorial Grid / Magazine,"Flat Design, Accessible & Ethical",Trust & Authority + Feature Comparison,Contract Status Pipeline + Compliance Dashboard,Authority navy + signature green + clause-highlight amber,Document readability paramount. Clause highlighting. Signature flow clarity. Version diff visualization.
175,Point of Sale (POS),"cashier, checkout, counter, kiosk, order, pos, register, retail-pos, sale, terminal",Flat Design + Minimalism & Swiss Style,"Accessible & Ethical, Dark Mode (OLED)",N/A - Product focused,Sales Summary + Inventory Quick View,High contrast for bright-lit retail + large touch targets + price accent,Touch-first large buttons. Quick item lookup. Split payment clarity. Receipt preview. Works in bright retail lighting.
176,Survey / Form Builder,"feedback, form, poll, questionnaire, quiz, response, survey, typeform",Minimalism & Swiss Style + Motion-Driven,"Vibrant & Block-based, Glassmorphism SaaS (Light Web)",Minimal & Direct + Demo,Response Analytics + Completion Funnel,Focused single-question palette + progress indicator accent,One question per screen. Progress bar clarity. Response type variety (rating
177,Ticketing / Help Desk,"escalation, help-desk, issue, resolution, sla, support, ticket, triage, zendesk",Flat Design + Minimalism & Swiss Style,"Glassmorphism SaaS (Light Web), Accessible & Ethical",Trust & Authority + Feature Comparison,Ticket Queue + SLA Monitor + Agent Dashboard,Priority-coded (P0 red / P1 orange / P2 blue) + resolution green,Ticket priority visual hierarchy. SLA countdown prominence. Conversation thread readability. Agent workload balance view.
178,Project Management,"agile, board, epic, gantt, kanban, project, scrum, sprint, task-board, timeline",Flat Design + Glassmorphism SaaS (Light Web),"Minimalism & Swiss Style, Motion-Driven",Feature-Rich Showcase + Demo,Kanban Board + Gantt Chart + Sprint Board,Status-column colors + timeline visualization + priority badges,Board/list/timeline view switching. Drag-and-drop cards. Swimlane clarity. Due date visual urgency. Workload balance.
179,Whiteboard / Visual Collaboration,"brainstorm, canvas, diagram, figjam, flowchart, mindmap, miro, sticky-note, whiteboard",Vibrant & Block-based + Motion-Driven,"Aurora UI, Flat Design",Minimal & Direct + Demo,N/A - Canvas focused,Canvas white + colorful sticky-note palette + cursor-presence indicators,Infinite canvas navigation. Multi-cursor collaboration. Shape/connector toolbox. Sticky note color variety. Template library.
180,Digital Signage / Kiosk,"digital-menu, display, info-screen, kiosk, lobby, signage, wayfinding",Dark Cinematic SaaS + Flat Design,"Motion-Driven, 3D & Hyperrealism",N/A - Display focused,Content Schedule + Screen Fleet Dashboard,High contrast for ambient viewing + large type + brand-dominant accent,Viewing distance consideration. Auto-rotation content. Touch kiosk large targets. Ambient light readability. Brand template system.
181,SaaS (Warm Editorial),academic editorial journal platform research saas warm,E-Ink / Paper + Editorial Grid / Magazine,"Warm Organic Craft, Minimalism & Swiss Style",Serif Hero + Feature Prose + Social Proof,Warm-background data panels + serif headings,Warm ivory background + terracotta or olive accent,"Anthropic/Notion warmth — serif+sans pairing, warm off-white (#FAF9F5) base, underline emphasis over color"
182,SaaS (Dark Command),cli command dark developer infra night ops saas terminal,Dark Cinematic SaaS + Minimalism & Swiss Style,"Dark Mode (OLED), HUD / Sci-Fi FUI",Dark Hero + Code Snippet + Feature Grid,Midnight command center + neon accent metrics,Near-black base + single vivid accent (lime/cyan/violet),"Linear/Raycast tone — obsidian void, layered dark surfaces, accent used sparingly on CTAs only"
183,SaaS (Playful),colorful friendly gamified saas startup vibrant whimsical,Vibrant & Block-based + Playful SaaS Dashboard,"Claymorphism, Motion-Driven",Illustrated Hero + Bento Features + Testimonials,Colorful accent cards + rounded everything,Bold primary + multiple complementary accents,"PostHog/Duolingo energy — playful illustrations, generous rounding, color as personality not decoration"
184,AI Platform (Research),ai alignment frontier lab model research safety science,E-Ink / Paper + Warm Organic Craft,"Editorial Grid / Magazine, Minimalism & Swiss Style",Research-paper Hero + Publication Cards + Team Grid,N/A,Warm parchment base + single earth-tone accent,"Anthropic tone — academic authority, serif headlines, warm stone background, underline-based emphasis"
185,AI Platform (Product),ai api assistant chatbot generative gpt llm product tool,AI-Native UI + Minimalism & Swiss Style,"Dark Cinematic SaaS, Glassmorphism SaaS (Light Web)",Interactive Demo Hero + API Showcase + Pricing,Chat-centric + clean sidebar navigation,Neutral + single brand color (green/teal/violet),"OpenAI/Cursor tone — clean functional, AI presence via subtle gradient orb, not flashy effects"
186,E-commerce (Minimal),boutique curated ecommerce shop storefront gallery merchandise brand product,Product Showcase Minimal + Exaggerated Minimalism,"Minimalism & Swiss Style, Editorial Grid / Magazine",Full-bleed Product Hero + Grid Collection + Lookbook,N/A,Monochrome (black/white) + product color as accent,"Apple Store tone — product IS the decoration, near-zero UI chrome, typography as hierarchy"
187,E-commerce (Vibrant),bold bright colorful ecommerce energetic fun playful pop shop trendy young,Vibrant & Block-based + Gen Z Chaos / Maximalism,"Memphis Design, Motion-Driven",Collage Hero + Category Blocks + Flash Deals,N/A,Multi-color bold palette + high saturation,"Streetwear/youth brand energy — clashing colors intentional, sticker-collage aesthetic, type as graphic element"
188,Portfolio (Dark Cinematic),cinema creative dark gallery portfolio showcase work,Dark Editorial + Motion-Driven,"Exaggerated Minimalism, Parallax Storytelling",Full-screen Project Reel + Case Study Scroll,N/A,Deep black + warm off-white text + no color accent,"Gallery-at-night tone — work dominates 80%+ viewport, UI dissolves, monochrome palette lets work speak"
189,Portfolio (Brutalist),agency brutalist experimental portfolio raw studio unconventional,Brutalism + Kinetic Typography,"Anti-Polish / Raw Aesthetic, Neubrutalism",Full-viewport Type + Asymmetric Project Grid,N/A,High-contrast monochrome + one vivid signal color,"Counter-culture creative — default-font-stack honesty, visible grid structure, anti-polish as statement"
190,Dashboard (Warm),admin analytics comfortable cozy dashboard friendly panel,Playful SaaS Dashboard + Warm Organic Craft,"Flat Design, Soft UI Evolution",N/A,Sage-tinted background + rounded cards + warm palette,Warm neutral background + colorful metric accents,"PostHog-style warmth — olive/sage tinted canvas, data feels approachable not clinical"
191,Dashboard (Dense Dark),admin analytics dark dashboard dense devops monitoring ops,Dark Cinematic SaaS + Data-Dense Dashboard,"Real-Time Monitoring, HUD / Sci-Fi FUI",N/A,Midnight void + neon status indicators + compact spacing,Near-black base + status-color coded metrics (green/amber/red),"Grafana/Datadog tone — dark reduces eye strain, neon accents for alert states, high information density"
192,Healthcare (Clinical),clinic clinical doctor ehr health hospital medical patient records,Minimalism & Swiss Style + Accessible & Ethical,"Flat Design, Swiss Modernism 2.0, Clinical Clean Mobile",Trust Hero + Service Cards + Doctor Profiles,Clean white + blue accent + large type,Clinical white + trust blue + status colors,"Precision clinical — WCAG AAA priority, no decorative elements, information clarity over aesthetics"
193,Healthcare (Wellness),calm care gentle health holistic soft therapy wellness,Pastel Wellness (Mobile) + Nature Distilled,"Organic Biophilic, Soft UI Evolution",Calming Hero + Benefit Cards + Testimonials,Soft-toned trackers + botanical accents,Sage green + warm lavender + cream base,"Calm clinical canvas — nature-derived palette, round forms, breathing whitespace, never clinical-cold"
194,Creative Agency (Editorial),agency creative editorial elegant magazine refined studio,Editorial Grid / Magazine + Dark Editorial,"Exaggerated Minimalism, Parallax Storytelling",Magazine-spread Hero + Case Study Grid + Awards,N/A,Monochrome editorial + single accent for CTAs,"Pentagram/Sagmeister tone — typography IS the design, serif headlines, structured whitespace, work-first layout"
195,Creative Agency (Experimental),agency avant-garde creative experimental interactive studio unconventional,Motion-Driven + Interactive Cursor Design,"Kinetic Typography, Chromatic Aberration / RGB Split",Interactive Fullscreen + WebGL Canvas + Scroll Journey,N/A,Dark void + one electric accent + motion as color,"Award-show creative — the website IS the portfolio piece, custom cursor, scroll-driven narrative, technical showmanship"
196,Educational (Gamified),app fun gamified kids language learning play quiz rewards streak,Claymorphism + Vibrant & Block-based,"Micro-interactions, Playful SaaS Dashboard",Playful Hero + Feature Cards + Streak/Progress,Progress-bar dashboard + achievement badges,Bold green + orange rewards + achievement gold,"Duolingo energy — gamification visuals, mascot/character presence, dopamine-hit color rewards"
197,Educational (Institutional),academy campus education institution school university,Minimalism & Swiss Style + Trust & Authority,"Editorial Grid / Magazine, Accessible & Ethical",Campus Hero + Program Cards + Faculty + CTA,LMS-style course grid + calendar sidebar,Institutional primary (navy/crimson/forest) + neutral base,"University credibility — brand color as anchor, structured grid, photography-forward, accessible type scale"
198,Fintech (Consumer),app banking consumer easy finance friendly money neobank personal wallet,Vibrant & Block-based + Soft UI Evolution,"Claymorphism, Motion-Driven",Phone Mockup Hero + Feature Benefits + Social Proof,Card-based balance + colorful category charts,Bold brand primary + friendly accent + success green,"Cash App/Robinhood tone — approachable finance, bold colors signal youth/accessibility, not traditional bank gravity"
199,Fintech (Enterprise),b2b compliance enterprise finance institutional payment processing treasury,Minimalism & Swiss Style + Trust & Authority,"Swiss Modernism 2.0, Flat Design",Authority Hero + Capabilities Grid + Client Logos + Security,Data-dense financial tables + KPI header cards,Deep navy/charcoal primary + restrained accent + lots of white,"Stripe/Ramp tone — precision on white marble, single vivid accent reserved for CTAs, typographic authority"
200,Restaurant (Fine Dining),cuisine dark dining elegant fine gourmet michelin restaurant upscale,Dark Editorial + Exaggerated Minimalism,"Editorial Grid / Magazine, Motion-Driven",Full-bleed Food Photo Hero + Story + Menu + Reservation,N/A,Deep black + warm gold/cream text + food photography dominant,"Michelin-starred ambiance — dark backgrounds let food glow, serif typography for menu elegance, minimal UI chrome"
201,Restaurant (Casual/Fast),burger cafe casual diner fast-food quick restaurant takeout,Vibrant & Block-based + Flat Design,"Claymorphism, Motion-Driven",Bold Menu Hero + Category Grid + Order CTA,N/A,Warm red/orange + yellow accents + energetic palette,"Fast-casual energy — appetizing warm colors, large food imagery, prominent order button, quick scanning layout"
202,Greeting Card / Invitation,birthday card greeting invitation letter Mother's-Day postcard seasonal thank-you Valentine wish,Nature Distilled + Soft UI Evolution,"Pastel Wellness (Mobile), Chinese Ink / Eastern Aesthetic",Storytelling-Driven,N/A,Soft pastels + floral accents + warm neutrals,"Emotional warmth first — typography and illustration carry the mood; backgrounds should evoke paper/texture; N/A for dashboard"
203,Tech Event / Conference,conference cyberpunk exhibition expo hackathon meetup summit tech-summit,Cyberpunk UI + 3D & Hyperrealism,"Retro-Futurism, Glassmorphism",Hero-Centric Design + Feature-Rich,N/A,Vivid electric accent on deep dark base + neon highlights,"Event energy and FOMO drive design; dark bg lets neon/glow keynote visuals pop; speaker grid and schedule as secondary anchors; N/A for dashboard"
204,Science / Astronomy Education,astronomy cosmos galaxy nasa planet science solar-system space star universe,3D & Hyperrealism + Dark Cinematic SaaS,"Retro-Futurism, Cyberpunk UI",Immersive Experience + Hero,N/A,Deep space dark + stellar blue + amber highlights,"Cosmic immersion requires dark backgrounds; large hero imagery/3D renders; data visualization (orbit charts, planet sizes) with glow; N/A for dashboard"
205,Maps & Navigation,"map navigation gps route location wayfinding directions poi place discover explore transit walk drive commute traffic arrival departure","Map-Centric Navigation (Mobile) + Brand-Immersive Utility","Dark Mode (OLED), Flat Design Mobile",Utility/Tool Demo,Map-Centric Real-Time,Neutral map base + route blue + destination green + traffic semantic,"Full-screen map as primary canvas; floating bottom sheet for POI and route details; search bar capsule pinned at top; route polyline in accent color; ETA and distance in bold compact type; POI pin clustering; traffic color overlay (green/amber/red); turn-by-turn instruction banner"
